{
  "best_k": 1,
  "val_scores": [
    [
      1,
      0.331875
    ],
    [
      7,
      0.322
    ],
    [
      5,
      0.320375
    ],
    [
      11,
      0.31925
    ],
    [
      9,
      0.319125
    ],
    [
      15,
      0.31875
    ],
    [
      19,
      0.317625
    ],
    [
      17,
      0.317125
    ],
    [
      21,
      0.3165
    ],
    [
      13,
      0.314625
    ],
    [
      23,
      0.313875
    ],
    [
      27,
      0.3135
    ],
    [
      3,
      0.312125
    ],
    [
      25,
      0.31175
    ],
    [
      29,
      0.31075
    ]
  ],
  "accuracy": 0.3389,
  "precision_macro": 0.39356222438417693,
  "recall_macro": 0.33890000000000003,
  "f1_macro": 0.330211712533403
}